realm_record_id,operator_name,address,phone,email,digital_contact_type,website,carrier_type,equipment_and_services,operating_regions,pos_matching_fit,country,verification_status,confidence,source_urls,research_subject
RCN-AU-0001,Allied Express Transport,3 Murray Jones Drive Bankstown Aerodrome NSW 2200,13 13 73,info@alliedexpress.com.au,public email,https://www.alliedexpress.com.au/,"road freight, courier, local distribution, national distribution","Courier service, taxi truck service, local distribution, national distribution","NSW, VIC, QLD, SA, WA, Australia wide",Good fit for in-line quote matching due to comprehensive national road freight and courier services.,Australia,verified from official/trusted sources,High,https://www.alliedexpress.com.au/,Allied Express Australia https://www.alliedexpress.com.au
RCN-AU-0002,Aurizon,"900 Ann Street, Fortitude Valley QLD 4006",13 23 32,contact form,contact form,https://www.aurizon.com.au,rail freight,"Bulk, Coal, Containerised Freight, Network",Australia wide,"Aurizon is a major rail freight operator handling bulk, coal, and containerised freight across Australia, making it suitable for point-of-sale load matching by location, capacity, and equipment type.",Australia,verified from official/trusted sources,High,https://www.aurizon.com.au;https://www.aurizon.com.au/contact,Aurizon rail freight Australia https://www.aurizon.com.au
RCN-AU-0003,Ausken Logistics Australia,"Unit 29/74 Willandra Dr, Epping VIC 3076","(+61) 3 9191 0075, (+61) 402 822 449",info@ausken.com.au,public email,https://www.ausken.com.au,"International Freight Forwarding, Logistics, Air Cargo, Ocean Cargo, Road Freight, Rail Freight","Logistics Consulting Services, Crane Services, Truck Freight, Warehousing Services, Packing Services, Container Transport Services, End to End Logistics and Transport Services",Australia wide,"Suitable for point-of-sale load matching by location, capacity and equipment type due to diverse service offerings.",Australia,verified from official/trusted sources,High,https://www.ausken.com.au,Ausken Logistics Australia https://www.ausken.com.au
RCN-AU-0004,Australia Post,480 Swan St Richmond VIC 3121,13 7678,contact form,contact form,https://auspost.com.au,"Parcels freight, mail, postal services","Parcel shipping, mail letters, domestic delivery, international delivery, Express Post, Parcel Post, bulk mail, specialized wine services, medical services, local pick up and delivery, next day delivery, business packaging, MyPost Business, eParcel Contract",Australia wide,"Australia Post appears suitable for point-of-sale load matching by location, capacity, and equipment type due to its extensive national network and diverse range of parcel and mail services.",Australia,verified from official/trusted sources,High,https://auspost.com.au;https://www.directory.gov.au/portfolios/infrastructure-transport-regional-development-communications-and-arts/australian-postal-corporation/head-office;https://www.transparency.gov.au/publications/communications-and-the-arts/australian-postal-corporation/australian-postal-corporation-annual-report-2023-24/other-important-information/corporate-directory,Australia Post parcels freight https://auspost.com.au
RCN-AU-0005,Australian Transport & Logistics Co P/L,"Gate B9 Bumborah Point Road, Port Botany NSW 2036",02 9316 7342,info@austransport.com.au,public email,https://austransport.com.au,"road freight, cold chain, container cartage, international freight forwarding, airfreight, hotshot services","door to door service, refrigerated transport, container consolidation, container deconsolidation, international forwarding, airfreight, over-dimensional loads, mining equipment transport, factory moves, warehousing, underbond storage, Customs-approved monitored depot, pallet racking, wash bay, temperature-controlled storage, secure loading zones, Hotshot Services, single driver direct drive, 2-up driver direct drive, live tracking updates","Australia wide, Sydney Metro","Australian Transport & Logistics Co P/L offers diverse services including local, interstate, temperature-controlled, container, international freight forwarding, airfreight, and hotshot services with nationwide reach and live tracking, making them suitable for point-of-sale load matching by location, capacity, and equipment type.",Australia,verified from official/trusted sources,High,https://austransport.com.au,Australian Transport & Logistics Co P/L https://austransport.com.au
RCN-AU-0006,Border Express Australia,"140-144 Link Road, Melbourne Airport, VIC 3045",(03) 8347 5400,contact form,contact form,https://www.borderexpress.com.au,"road freight, parcel express, bulk freight","bulk distribution, parcel distribution, warehousing, supply chain solutions",Australia wide,"Border Express Australia appears suitable for in-line quote matching due to its nationwide network, bulk and parcel express services, and warehousing capabilities.",Australia,verified from official/trusted sources,High,https://www.borderexpress.com.au;https://www.borderexpress.com.au/customer-service/;https://www.borderexpress.com.au/network/;https://au.linkedin.com/company/border-express;https://www.zoominfo.com/c/border-express-pty-ltd/352607442;https://craft.co/border-express/locations,Border Express Australia https://www.borderexpress.com.au
RCN-AU-0007,CFFWORLD Transport Australia,"Level 26, Suite 1, 1 - 7 Bligh Street Sydney NSW 2000 Australia",+61 1300 887 612,operations@cffworld.com,public email,https://www.cffworld.com,"road freight, rail freight, sea freight, air freight, freight forwarding, customs brokerage","FCL shipments, LCL shipments, time-critical air freight, road transport, rail transport, RORO, OOG, breakbulk cargo, unitised cargo, customs clearance, quarantine approvals, biosecurity approvals, duty valuations, tracking","Australia wide, Melbourne, Sydney, Brisbane, Adelaide, Perth, Fremantle, Darwin, Hobart","CFFWORLD Transport is a strong fit for REALM in-line quote matching due to its comprehensive freight services, diverse equipment handling capabilities, and extensive Australian operating regions.",Australia,verified from official/trusted sources,High,https://www.cffworld.com,CFFWORLD Transport Australia https://www.cffworld.com
RCN-AU-0008,CRL Express Australia,"Suite 1C, 10 Abbotts Road, Dandenong South, VIC 3175",1300 595 999,CustomerExcellence@crlexpress.com,public email,https://www.crlexpress.com/,"road freight, 3PL, national linehaul, rail freight, air freight, contracted logistics","National Road Freight, National Warehousing And Distribution, National Linehaul Services (FTL), Ugly Freight, Dangerous Goods handling, Door To Door Service, 3PL Warehousing, Online Booking System, Breakbulk Pallets",Australia wide,"CRL Express Australia offers a wide range of freight services including road, rail, and air freight, 3PL warehousing, and national linehaul services, making them suitable for point-of-sale load matching by location, capacity, and equipment type.",Australia,verified from official/trusted sources,High,https://www.crlexpress.com/;https://www.crlexpress.com/contact/,CRL Express Australia https://www.crlexpress.com.au
RCN-AU-0009,CRYOPDP Australia,"Unit 9, 7 Meridian Place, Bella Vista NSW 2153, Australia",1300 487 944,AU-communication@cryopdp.com,public email,https://www.criticaltransport.com.au/,"Temperature-controlled logistics, express courier, specialist transport, pharmaceutical courier, medical courier","Temperature-controlled logistics, packaging, Direct-to-Patient, Lab Move Solutions, Medical Device Shipping Logistics, Temperature-Controlled Packaging, Pick & Pack Solutions, Transportation Services, Streamline Clinical Trials, Project Management and Consultancy, Global Control Tower Services, Customs Clearance Services, Study Setup Center, Systems & Technologies",Australia wide,"This operator appears suitable for point-of-sale load matching due to its specialized temperature-controlled logistics for life sciences and healthcare cargo, with clear operating regions in Australia and a comprehensive list of services and equipment.",Australia,verified from official/trusted sources,High,https://www.criticaltransport.com.au/;https://cryopdp.com/,Critical Transport Solutions Australia https://criticaltransport.com.au
RCN-AU-0010,CTI Logistics Limited,"1 Drummond Place, West Perth, WA 6005",(08) 9422 1100,corporate@ctilogistics.com,public email,https://www.ctilogistics.com,"Courier, Road Freight, Freight Forwarding, Warehousing and Distribution, Temperature Controlled Logistics, Mining Logistics","750+ vehicles, Semi-Trailers, Extendable Trailers, Tilt Trays, Truck Mounted Cranes, Container Swinglifters, 3PL warehousing, e-commerce fulfillment, bulk storage, temperature-controlled storage, mining supply base support, document storage, archiving, shredding","WA, SA, NSW, VIC, QLD, Perth, Adelaide, Melbourne, Sydney, Brisbane, Karratha, Broome, Bunbury","CTI Logistics offers a wide range of services and operates across multiple Australian states, making them suitable for point-of-sale load matching by location, capacity, and equipment type.",Australia,verified from official/trusted sources,High,https://www.ctilogistics.com;https://www.ctilogistics.com/contact/;https://www.ctilogistics.com/about/corporate-information/;https://www.facebook.com/CtiLogisticsLimited/;https://www.zoominfo.com/c/cti-logistics-ltd/25659893,CTI Logistics Australia https://www.ctilogistics.com
RCN-AU-0011,Cargotrans International Freight,2A International Square Tullamarine Victoria 3043,1300 232 378,ian@cargotrans.com.au,public email,https://www.cargotrans.com.au,Freight forwarding,"Air freight, Sea freight, Customs clearance, Project cargo","Victoria, Australia wide",Appears suitable for in-line quote matching based on freight forwarding services and Australian operations.,Australia,partially verified from public sources,Medium,https://www.forwarderfocusdirectory.com/FFD%20Members/cargotransau.html;https://www.freightnet.com/directory/p1/cAU/s30.htm,Cargotrans International Freight Australia https://www.cargotrans.com.au
RCN-AU-0012,Carter Heavy Haulage Australia,"156 Racecourse Road Rutherford, NSW 2320",0403 528 908,admin@carterheavyhaulage.com.au,public email,https://www.carterheavyhaulage.com.au,"road freight, heavy haulage","versatile fleet, specialised trailers, transport equipment up to 130 tonnes, B-double and road train configurations, Tieman Bitumen tankers, telematic tracking, Asphalt Transport, Construction Haulage, Earthmoving Transport, Rail Heavy Haulage, Mining Transport, Global Import, Export & Ship Discharge","Hunter region, Australia-wide, eastern seaboard of Australia","Carter Heavy Haulage is suitable for REALM in-line quote matching due to their specialized heavy haulage services, diverse fleet capacity up to 130 tonnes, and Australia-wide operating regions with tracking technology.",Australia,verified from official/trusted sources,High,https://www.carterheavyhaulage.com.au,Carter Heavy Haulage Australia https://www.carterheavyhaulage.com.au
RCN-AU-0013,Chill Australia,"2/128 Old Pittwater Road, Brookvale NSW 2100",1300 932 445,contact form,contact form,https://www.chill.com.au,"road freight, cold chain","refrigerated transport, cold storage, frozen storage, promotional logistics, refrigerated rentals, bespoke services, refrigerated couriers","NSW, VIC, QLD, WA, Australia wide","Chill Australia is suitable for point-of-sale load matching due to its refrigerated transport, cold storage, and multi-state presence.",Australia,verified from official/trusted sources,High,https://www.chill.com.au;https://chill.com.au/contact/,Chill Australia refrigerated transport https://www.chill.com.au
RCN-AU-0014,Clarke Global Logistics,"Building A, U3/85 Turner Street, Port Melbourne, Victoria, 3207",+61 (03) 9854 3000,enquiry@clarkeglobal.com.au,public email,https://www.clarkeglobal.com.au,"Freight Forwarding, Customs Broker","Freight Forwarding, Import and Export Services, Oversize Freight Shipping, Customs Clearance and Biosecurity Services, Special Project Cargo, Transport & Distribution, Warehousing, Storage and 3PL, Break Bulk Cargo Shipping, Airfreight, Sea Freight, Roll-on/roll-off freight services, Tariff Consulting & Audit Services, Cross Trade Shipments, Foreign Language Services",Australia wide,"Clarke Global Logistics offers a wide range of services including freight forwarding, oversized freight, and warehousing, making them suitable for point-of-sale load matching by location, capacity, and equipment type.",Australia,verified from official/trusted sources,High,https://www.clarkeglobal.com.au;https://www.clarkeglobal.com.au/contact-us/,Clarke Global Logistics Australia https://www.clarkeglobal.com.au
RCN-AU-0015,Crawfords Freightlines,"Old Maitland Road, Sandgate NSW 2304",(02) 4032 7260,info@crawfordsfreightlines.com.au,public email,https://www.crawfordsfreightlines.com.au/,"road freight, rail freight, sea freight, warehousing","road freight, rail freight, sea freight, warehousing, dangerous goods transport, mining logistics, manufacturing logistics, agricultural logistics","Eastern Australia, Queensland, New South Wales","Good fit for REALM in-line quote matching due to clear operating regions, diverse carrier types, and detailed equipment/service capabilities.",Australia,verified from official/trusted sources,High,https://www.crawfordsfreightlines.com.au/;https://www.crawfordsfreightlines.com.au/contact/,Crawfords Freightlines Australia https://www.crawfordsfreightlines.com.au
RCN-AU-0016,Crisis Global Logistics,295 Pacific Highway/North Sydney/NSW/2065,+61 2 8925 3700,support@crisis.com.au,public email,https://crisis.com.au,"courier, freight forwarding, logistics","local delivery, domestic air freight, domestic road freight, international air freight, international sea freight, Trans-Tasman delivery, custom delivery, warehousing, distribution","Australia wide, New Zealand, International","Suitable for point-of-sale load matching by location, capacity and equipment type due to diverse service offerings.",Australia,verified from official/trusted sources,High,https://crisis.com.au;https://fiata.org/directory/au/;https://au.linkedin.com/company/crisisgroup,Crisis Global Logistics Australia https://crisis.com.au
RCN-AU-0017,Customs Brokers Australia,"PO Box 1111, Wynnum, Qld, 4178",+617 3185 2131,admin@customsbrokersaustralia.com,public email,https://www.customsbrokersaustralia.com,"Customs Clearance, Freight Forwarding, Consulting & Duty Minimisation, Cargo Insurance","Sea Cargo & Airfreight, Heavy Machinery & Project Cargo, Military Cargo & Military Vessels, Firearms & Parts, Personal Effects, Modular Homes",Australia wide,Suitable for in-line quote matching due to comprehensive customs clearance and freight forwarding services for diverse cargo types.,Australia,verified from official/trusted sources,High,https://www.customsbrokersaustralia.com,Customs Brokers Australia https://www.customsbrokersaustralia.com
RCN-AU-0018,D&D Worldwide Logistics Australia,"Suite 11, 10 Moorabool Street Geelong, Victoria, Australia 3220",(03) 5222 2579,contact form,contact form,https://www.ddwlogistics.com,"International freight forwarding, road freight, air freight, sea freight, food logistics, warehousing, customs brokerage","Air freight services, sea freight services (FCL, LCL), road transport, food logistics, warehousing, customs clearance","Australia wide, International","Good fit for in-line quote matching due to clear service offerings in air, sea, and road freight, warehousing, and customs, with a focus on international and domestic logistics.",Australia,verified from official/trusted sources,High,https://www.ddwlogistics.com;https://www.ddwlogistics.com/contact-us,D&D Worldwide Logistics Australia https://www.ddwlogistics.com
RCN-AU-0019,De Bruyn's Transport,"8 River Road, Wivenhoe TAS 7320",03 6430 2300,info@dbtrans.com.au,public email,https://debruyns.com.au/,"Road freight, Mining logistics, Aquaculture transport, Heavy general freight, 3PL, 4PL, Bulk goods transport","180 Trucks, 300+ Trailers & Specialised Equipment, Dangerous goods transport, Explosives transport, Live fish transport, Fish feed transport, Overnight deliveries, Trans Bass freight services","Tasmania wide, Bass Strait, Victoria (Altona North)","Suitable for in-line quote matching for general, mining, and aquaculture freight within Tasmania and between Tasmania and Victoria.",Australia,verified from official/trusted sources,High,https://debruyns.com.au/;https://www.facebook.com/debruynstransport/,De Bruyn's Transport Tasmania Australia https://www.debruynstransport.com.au
RCN-AU-0020,Direct Freight Express Australia,"29 Ottelia Rd, KEMPS CREEK NSW 2178",1300 347 397,contact form,contact form,https://www.directfreight.com.au,"road freight, parcel express, bulk pallet express","line haul vehicles, company operated depots, warranty program for loss or damage","Australia wide (ACT, NSW, NT, QLD, SA, TAS, VIC, WA)","Suitable for point-of-sale load matching by location, capacity and equipment type due to national express road transport services and extensive network of depots.",Australia,verified from official/trusted sources,High,https://www.directfreight.com.au;https://www.directfreight.com.au/support.aspx;https://www.directfreight.com.au/network.aspx,Direct Freight Express Australia https://www.directfreight.com.au
RCN-AU-0021,Fennell Forestry / Fennell Transport Australia,"PO Box 1122 Mount Gambier, South Australia 5290",08 8725 0963,admin@fennellforestry.com.au,public email,https://fennellforestry.com.au,"road freight, timber haulage, logistics solutions","timber harvest, log haulage, product handling, transport solutions, carbon-efficient vehicles, high productivity vehicles, electric log trucks","South Australia, Victoria, Western Australia","Suitable for specialized log transport matching in Green Triangle, Monarto SA, and WA domestic market, considering their specific equipment and regional focus.",Australia,verified from official/trusted sources,High,https://fennellforestry.com.au,Fennell Forestry / Fennell Transport Australia https://fennellforestry.com.au
RCN-AU-0022,Followmont Transport Pty Ltd,"45 Taylor Pl, Eagle Farm, Queensland, 4009",(07) 3608 4900,sales@followmont.com.au,public email,https://www.followmont.com.au,"road freight, express freight, general freight, refrigerated freight","parcels, boxes, cartons, pallets, fresh produce, special projects, full loads, time-sensitive delivery, warehousing, logistics solutions","Queensland, Northern New South Wales","Suitable for in-line quote matching by location, capacity, and equipment type, given their express road freight services for various cargo types across Queensland and Northern NSW.",Australia,verified from official/trusted sources,High,https://www.followmont.com.au;https://au.linkedin.com/company/followmont-transport-pty-ltd;https://www.whogoeswhere.com/carriers-directory/?/view/origin/from/NSW/to/NSW/section/T/location/13508-trangie-2823/company/3428-followmont-transport-pty-ltd;https://www.zoominfo.com/c/followmont-transport-pty-ltd/351229187;https://oneworldcourier.com.au/couriers/followmont-transport/,Followmont Transport Australia https://www.followmont.com.au
RCN-AU-0023,Freight Assist Australia,"PO Box 1088, Craigieburn, VIC 3064",1300 884 504,sales@faagroup.com.au,public email,https://freightassistaustralia.com.au/,"road freight, 3PL warehousing, general freight, express freight, hazardous goods transport","palletised freight, national transport, metro distribution, interstate freight","Australia wide, Melbourne, Sydney, Perth, Brisbane, Adelaide, Tasmania, Gold Coast, Canberra","Suitable for in-line quote matching due to national transport, 3PL warehousing, and metro/interstate freight services across major Australian regions.",Australia,verified from official/trusted sources,High,https://freightassistaustralia.com.au/,Freight Assist Australia https://freightassistaustralia.com.au
RCN-AU-0024,FreightFixed Australia,"Exchange Tower, 530 Little Collins Street, Melbourne VIC 3000, Australia",+61-3 7046 6561,info@freightfixed.com.au,public email,https://www.freightfixed.com,"logistics consulting, freight cost management","freight cost analysis, invoice auditing, shipment management tools, real-time tracking, freight benchmarking, logistics consulting","Australia wide, Melbourne VIC","FreightFixed Australia focuses on freight cost control and optimization for businesses, rather than direct point-of-sale load matching by location, capacity, and equipment type.",Australia,verified from official/trusted sources,High,https://www.freightfixed.com,FreightFixed Australia https://www.freightfixed.com
RCN-AU-0025,GEODIS Australia Pty Ltd,"1 Millennium Court Matraville NSW, 2036 Sydney",+61 2 8347 4000,contact form,contact form,https://geodis.com,"Air Freight, Ocean Freight, Road Transport, Contract Logistics, Freight Forwarding, Industrial Projects, Distribution, Customs Clearance","Industrial Projects, Air Freight, Customs Clearance, Distribution, Full Truck Loads, Reverse Logistics, Sea Freight, Special Projects",Australia wide,"Geodis Australia offers a wide range of freight services including air, ocean, and road transport, with multiple locations across Australia, making them suitable for point-of-sale load matching.",Australia,verified from official/trusted sources,High,https://geodis.com;https://geodis.com/au-en/locations/geodis-australia-pty-ltd-sydney;https://www.iata.org/en/publications/directories/cargolink/directory/geodis-australia-pty-ltd/7347/;https://geodis.com/au-en/locations/geodis-australia-pty-ltd-melbourne;https://geodis.com/au-en/transport-services/road-transport;https://modernslaveryregister.gov.au/statements/kPYICFtNedslYoA/pdf/,Geodis Australia https://geodis.com
RCN-AU-0026,Gibson Freight Australia,"Port Air Industrial Estate 1A Hale Street Botany, NSW, 2019",(61) 2 9316 5333,matthew.backhouse@gibsonfreight.com.au,public email,https://www.gibsonfreight.com.au,"freight forwarding, road freight, air freight, sea freight","Customs brokerage, Quarantine clearance, Warehouses, Container parks, Trucks, Trailers, Container, LCL, Airfreight, Event trucking, over dimensional cargo, Fumigation facilities, Air and Sea consolidations, Air and Sea Breakbulk Services, Global Air Chartering, Global Motor Sport Logistics, Global Event Logistics, X-ray and swabbing security services, Competition, Supercar and Classic Car Import and Export, General Cargo Vessel single voyage and term Charters","Sydney, Melbourne, Brisbane","Suitable for load matching in Sydney, Melbourne, and Brisbane for container, LCL, airfreight, and event trucking, including over dimensional cargo.",Australia,verified from official/trusted sources,High,https://www.gibsonfreight.com.au; https://gibsonfreight.com.au/contact/; https://gibsonfreight.com.au/services-fleet/,Gibson Freight Australia https://www.gibsonfreight.com.au
RCN-AU-0027,Hi-Trans Express Australia,"128 Bedford Street, Gillman SA 5013",1800 882 600,contact form,contact form,https://www.hi-trans.com.au,"road freight, express freight, palletised freight","palletised freight, general road transport, express road transport, integrated freight and distribution management, forklift handling","Australia wide (Adelaide, Sydney, Melbourne, Brisbane, Perth, Broken Hill depots)","Good fit for in-line quote matching due to national coverage, palletised freight, and multiple depot locations.",Australia,verified from official/trusted sources,High,https://www.hi-trans.com.au;https://www.hi-trans.com.au/contact/,Hi-Trans Express Australia https://www.hi-trans.com.au
RCN-AU-0028,INH Transport,"408 29/31 Lexington Dr, Bella Vista NSW 2153",0438 990 388,info@inhtransport.com.au,public email,https://www.inhtransport.com.au,"road freight, freight forwarding","8-pallet and 14-pallet Heavy Rigid Tautliners, Prime Movers, tail lifts, pallet jacks, electronic pallet jacks, angle protectors, oversized loads, same-day delivery, point-to-point delivery","Sydney metropolitan areas, regional New South Wales, interstate routes, East Coast and Regional NSW, East Coast to Perth, East Coast to Darwin, Mackay NSW, Lismore NSW, Moree NSW, Brisbane QLD, Melbourne VIC","INH Transport is suitable for point-of-sale load matching due to its diverse fleet, wide operating regions, and range of freight services including pallet and full truckload options.",Australia,verified from official/trusted sources,High,https://www.inhtransport.com.au,AHG Refrigerated Logistics Australia https://ahglogistics.com.au
RCN-AU-0029,JD Refrigerated Transport,"123 Balham Rd, Archerfield QLD 4108",1300 588 022,info@jdt.com.au,public email,https://jdt.com.au,"road freight, cold chain","refrigerated vehicles, cartons, pallets, carcass transport, temperature monitoring, cold chain management, frozen storage, chilled storage, ambient storage","Brisbane, QLD","Suitable for in-line quote matching for refrigerated transport in Brisbane and surrounding QLD areas, handling various capacities and equipment types.",Australia,verified from official/trusted sources,High,https://jdt.com.au,JD Refrigerated Transport Brisbane https://jdt.com.au
RCN-AU-0030,K&S Freighters Australia,"591 Boundary Road, Truganina VIC 3029",(03) 8744 3500,quote@ksgroup.com.au,public email,https://www.ksgroup.com.au,"Road freight, general freight, express freight, contract logistics, intermodal, bulk, dangerous goods","General freight, express freight, contract logistics, warehousing, distribution, intermodal, bulk transport, dangerous goods transport",Australia wide,"K&S Freighters is suitable for point-of-sale load matching due to its national coverage and diverse service offerings including general, express, bulk, and dangerous goods freight, as well as warehousing and distribution.",Australia,verified from official/trusted sources,High,https://www.ksgroup.com.au/ks-freighters-2/,K&S Corporation / K&S Freighters Australia https://www.ksgroup.com.au
RCN-AU-0031,LINX Cargo Care Group,"Suite 401/46 Market Street, Sydney, NSW 2000",1300 487 837,"PortServices@linxcc.com.au, apqueries@linxcc.com.au, araccounts@linxcc.com.au, contact form",public email,https://linxcc.com.au,"Port services, stevedoring, heavy lift, vehicle logistics","Port services, stevedoring, heavy lifting equipment, prime movers, vehicle logistics solutions","Australia wide (NSW, NT, QLD, SA, VIC, WA)","Good fit for in-line quote matching due to Australia-wide port services, heavy lift, and vehicle logistics capabilities.",Australia,verified from official/trusted sources,High,https://linxcc.com.au;https://linxcc.com.au/contact/;https://linxcc.com.au/contact/where-we-work/,LINX Cargo Care Group Australia https://linxcc.com.au
RCN-AU-0032,Land Transport Australia,5-9 Bain Court Toowoomba QLD 4350,1800 076 304,enquiries@landtransport.com.au,public email,https://www.landtransport.com.au,"road freight, general freight, heavy haulage, refrigerated freight, dangerous goods transport","prime movers, body trucks, tilt trays, drop deck trailers with hydraulic ramps and wideners, open trailers with container pins, tautliners with mezzanine floors, chiller tautliners, segregated body trucks, warehousing, storage, stock control, pick and pack, shrink/stretch wrapping, container unpacks, re-palletising",Australia wide,"Land Transport Australia offers a wide range of freight services and equipment types across Australia, making them suitable for REALM in-line quote matching by location, capacity, and equipment type.",Australia,verified from official/trusted sources,High,https://www.landtransport.com.au,Land Transport Australia Toowoomba https://www.landtransport.com.au
RCN-AU-0033,Linfox Australia logistics,"55 English Street, Essendon Fields Victoria 3041, Australia",+61 3 8340 1000,contact form,contact form,https://www.linfox.com,"Road freight, Rail freight, Intermodal, Cold chain, Home delivery, Bulk liquids, Bulk haulage, Dangerous goods, Coastal freight, Warehousing and distribution","Fleet and equipment, Modern warehousing, Automated distribution centres, Distribution, Multiuser operations, Remote logistics, Dangerous goods storage, Smarter transport, Smarter warehousing, Network design and analytics, High security network",Australia wide,"Linfox Australia is highly suitable for point-of-sale load matching due to its extensive network, diverse freight capabilities, and warehousing solutions across Australia.",Australia,verified from official/trusted sources,High,https://www.linfox.com;https://www.linfox.com/about-linfox/locations/australia-and-new-zealand-head-office/,Linfox Australia logistics https://www.linfox.com
RCN-AU-0034,Maersk Australia,"Level 6, 44 Market Street, Sydney, NSW 2000",+61 2 72516848,"au.import@maersk.com, au.export@maersk.com",public email,https://www.maersk.com/local-information/asia-pacific/australia,"Ocean freight, Inland transport, Air freight, Cold chain, Courier, Freight forwarding, Warehousing","Container shipping, Ocean transport, Inland transport, Air freight, Warehousing, Cold chain logistics, E-commerce logistics, Less-than-Container Load (LCL), Lead logistics, Customs services, Project logistics, Depot, Cold storage, Ground freight transport","Australia wide (Sydney, Adelaide, Brisbane, Fremantle, Melbourne, Newcastle, Townsville)","Excellent fit for REALM in-line quote matching due to extensive network, diverse services, and multiple operating locations across Australia.",Australia,verified from official/trusted sources,High,https://www.maersk.com/local-information/asia-pacific/australia,Maersk Australia logistics https://www.maersk.com/local-information/asia-pacific/australia
RCN-AU-0035,Mainfreight Australia,"107 Gateway Boulevard, EPPING, VIC 3076, Australia",+61 3 8432 6462,salesenquiries@mainfreight.com.au,public email,https://www.mainfreight.com/australia/en-nz,"road freight, air freight, sea freight, warehousing, cold chain, freight forwarding, 3PL logistics","pallets, full truck loads, air & perishables facilities, vehicles, bonded warehousing, customs brokerage, LCL, rural tailgate inspections, wharf cartage",Australia wide,"Mainfreight Australia offers a comprehensive range of logistics services including domestic transport, warehousing, and air & ocean freight, making them suitable for point-of-sale load matching by location, capacity, and equipment type.",Australia,verified from official/trusted sources,High,https://www.mainfreight.com/australia/en-nz;https://www.mainfreight.com/australia/en-nz/contact-us;https://www.mainfreight.com/en-nz/australian-general-enquiries;https://www.mainfreight.com/americas/en-nz/mainfreight-careers/contact-us,Mainfreight Australia https://www.mainfreight.com/australia/en-nz
RCN-AU-0036,Martins Stock Haulage Australia,"4 Hayes Street, Scone NSW 2337","1300 MARTINS, 02 6545 3222",contact form,contact form,https://www.martinshaulage.com.au,"road freight, livestock transport","prime movers, Kenworth trucks, road train units, dangerous goods equipment, on-board electronic solutions, driver monitoring systems","Australia wide (rural and remote Australia, NSW, QLD)","Martins Stock Haulage is an excellent fit for in-line quote matching due to their specialized livestock transport, modern fleet, and extensive coverage across rural and remote Australia.",Australia,verified from official/trusted sources,High,https://www.martinshaulage.com.au;https://www.martinshaulage.com.au/contact;https://www.martinshaulage.com.au/fleet,Martins Stock Haulage Australia https://www.martinshaulage.com.au
RCN-AU-0037,McColl's Transport Pty. Ltd.,"92-96 Barwon Terrace, South Geelong VIC 3220",+61 3 5226 1400,contact form,contact form,https://mccolls.com.au,"bulk liquid transport, food transport, chemical transport","tanker trucks, prime movers, bulk liquid transport, food transport, chemical transport",Australia wide,Suitable for point-of-sale load matching due to specialized bulk liquid transport services and Australia-wide operations.,Australia,verified from official/trusted sources,High,https://mccolls.com.au;https://mccolls.com.au/contact-us/,McColl's Transport Australia https://mccolls.com.au
RCN-AU-0038,MovIt Australia,"PO Box 282 STANHOPE GARDENS, NSW 2768 Australia",02 7909 5001,admin@movit.com.au,public email,https://www.movit.com.au,"road freight, rail freight, courier, freight forwarding","parcel, freight, express, courier, supply chain solutions, container movements, rail freight, interstate service",Australia wide,"MovIt Australia appears suitable for point-of-sale load matching due to its online instant quote system, daily interstate service, and diverse freight and container movement capabilities.",Australia,verified from official/trusted sources,High,https://www.movit.com.au,MovIt Australia freight management https://www.movit.com.au
RCN-AU-0039,Nautical Net Shipping,"Suite 3/261-265 Blackburn Road, Doncaster East, VIC, 3109",+61 370 479 848,info@nauticalnemat.com.au,public email,https://nauticalnet.com.au/,"containerised shipping, ship chartering, multimodal international transportation","containerised shipping, ship chartering, multimodal transport, cargo tracking",Australia wide,"Suitable for in-line quote matching for international and national freight, particularly containerised and multimodal transport.",Australia,verified from official/trusted sources,High,https://nauticalnet.com.au/,Nautical Net Shipping Australia https://www.nauticalnet.com.au
RCN-AU-0040,Nolan's Interstate Transport,"16 Brooking Drive, GATTON QLD 4343",(07) 5466 2800,contact form,contact form,https://www.nolanstransport.com.au/,"road freight, cold chain, refrigerated logistics","refrigerated transport, general freight, 3PL, warehousing","Queensland, New South Wales, Victoria, Eastern Seaboard of Australia, Australia wide",Good fit for in-line quote matching due to interstate refrigerated logistics services and multiple depots across the eastern seaboard.,Australia,verified from official/trusted sources,High,https://www.nolanstransport.com.au/;https://www.nolanstransport.com.au/contact,Nolan's Interstate Transport Australia https://www.nolans.com.au
RCN-AU-0041,Northline,"Level 3, 68 King William Street, Kent Town SA 5067","1300 722 534, 1300 722 564",customer.service@northline.com.au,public email,https://www.northline.com.au,"road freight, rail freight, sea freight, air freight, warehousing, distribution, international freight management, project logistics","road transport, rail transport, sea transport, air transport, warehousing, distribution, project logistics, national freight management","Australia wide, international (130+ countries)","Northline offers national and international freight services including road, rail, sea, and air transport, warehousing, and project logistics, making them suitable for point-of-sale load matching by location, capacity, and equipment type, excluding temperature-controlled freight.",Australia,verified from official/trusted sources,High,https://www.northline.com.au;https://www.northline.com.au/contact-us/,Northline Australia freight https://www.northline.com.au
RCN-AU-0042,Pacific National,"2-4 Blue Street North Sydney, NSW 2060",1800 966 088,PN_Communications@pacificnational.com.au,public email,https://pacificnational.com.au,"rail freight, containerised freight, bulk freight, coal freight","containerised freight, bulk freight (grain, sugar, construction materials, minerals, waste), coal freight",Australia wide,Suitable for point-of-sale load matching due to diverse freight services and Australia-wide network.,Australia,verified from official/trusted sources,High,https://pacificnational.com.au;https://pacificnational.com.au/landing/contact-us,Pacific National rail freight Australia https://pacificnational.com.au
RCN-AU-0043,Qube Logistics Australia,"Level 27, 45 Clarence Street, Sydney, NSW, 2000",+61 2 9080 1900,contact form,contact form,https://qube.com.au,"Road freight, Rail freight, Sea freight, Logistics, Freight forwarding","Agri-logistics, AQIS services, Automotive logistics, Bulk cargo handling, Container services, Government logistics, Heavy lift, Procurement, Energy logistics, Forestry logistics, Global logistics, Renewables logistics, Rail services, Stevedoring, Port operations, Infrastructure, Terminal operations","Australia wide, New Zealand, South East Asia","Qube Logistics Australia offers a comprehensive range of integrated logistics services including road, rail, and sea freight, bulk, container, and heavy lift capabilities, making them highly suitable for point-of-sale load matching across various locations, capacities, and equipment types.",Australia,verified from official/trusted sources,High,https://qube.com.au;https://qube.com.au/contact/;https://qube.com.au/services/,Qube Logistics Australia https://qube.com.au
RCN-AU-0044,Rocke Brothers Transport Australia,"Lot 2, 29 Alick Road, Brooklyn, Victoria 3012",(03) 9314 6211,contact form,contact form,https://www.rockebros.com.au,"Road freight, waterfront transport, container depot, warehousing","Road transport, container handling, quarantine unpack services, container fumigation, warehousing","Victoria, New South Wales, Queensland, Eastern seaboard of Australia","Suitable for point-of-sale load matching by location, capacity, and equipment type due to their diverse services and broad operating regions.",Australia,verified from official/trusted sources,High,https://www.rockebros.com.au;https://www.rockebros.com.au/contact-us/;https://www.rockebros.com.au/history/,Rocke Brothers Transport Australia https://www.rockebros.com.au
RCN-AU-0045,Rodinia Freight Services,"L1/366 Sydney Road, Coburg VIC 3058 Australia",+61 3 9125 1705,contact@rodiniafreight.com,public email,https://www.rodiniafreight.com,"Air Freight, Sea Freight, Road Freight, Rail Freight, Coastal Shipping, Freight Forwarding, Project Logistics, Customs Clearance, Dangerous Goods Transport","Air Freight, Sea Freight, Road Transport, Rail Transport, Customs Brokerage, Project Cargo, Heavy Lift Cargo, Oversized Cargo, Dangerous Goods Transport, Coastal Shipping, Biosecurity Clearance","Australia wide, International","Rodinia Freight Australia offers a comprehensive range of services including air, sea, road, and rail freight, project logistics, and dangerous goods transport, making them suitable for in-line quote matching by location, capacity, and equipment type.",Australia,verified from official/trusted sources,High,https://www.rodiniafreight.com,Rodinia Freight Australia https://www.rodiniafreight.com
RCN-AU-0046,Rogers Group,"45 Radar Street, Lytton, QLD 4178",07 3275 3664,hello@rogerstransport.com.au,public email,https://rogerstransport.com.au,"road freight, warehousing, logistics","Line haul, Containers, Contracting, Distribution, Container Transport, Side Loading, Refrigeration, Break Bulk, Port Compliance, Storage, Unpacks, 3PL, Specialised Goods, dangerous goods handling, in-house maintenance, mass management accreditation, integrated freight system","Australia wide, Brisbane","Rogers Group offers integrated transport, warehousing, and supply chain solutions with a national fleet and specialized freight services, making them suitable for point-of-sale load matching by location, capacity, and equipment type.",Australia,verified from official/trusted sources,High,https://rogerstransport.com.au,Rogers Transport Brisbane https://rogerstransport.com.au
RCN-AU-0047,Ron Finemore Transport,"184-186 Sangsters Road, Wodonga VIC 3690",(02) 6024 9900,contact form,contact form,https://www.ronfinemoretransport.com.au,"road freight, bulk liquids, cold chain","temperature-controlled fleet, modern fleet, DSS, lane assist, adaptive cruise, auto braking","Victoria, New South Wales, Queensland, Australia wide",Good fit for in-line quote matching due to multiple regional hubs and diverse freight capabilities.,Australia,verified from official/trusted sources,High,https://www.ronfinemoretransport.com.au;https://ronfinemoretransport.com.au/contact-us,Ron Finemore Transport Australia https://www.ronfinemoretransport.com.au
RCN-AU-0048,SCT Logistics Australia,"7 Westlink Court, Altona VIC 3018",(03) 9931 5333,Feedback@sctlogistics.com.au,public email,https://www.sctlogistics.com.au,"road freight, rail freight, dry freight, refrigerated, bulk freight","rail freight, port logistics, contract rail solutions, industrial property development",Australia wide,"SCT Logistics Australia appears suitable for point-of-sale load matching due to its extensive rail and road network, diverse freight capabilities (dry, refrigerated, bulk), and national coverage across major capital cities and regional locations.",Australia,verified from official/trusted sources,High,https://www.sctlogistics.com.au;https://www.sctlogistics.com.au/locations/;https://www.sctlogistics.com.au/services/,SCT Logistics Australia https://www.sctlogistics.com.au
RCN-AU-0049,Seabridge Logistics Group Australia,"Unit 1, 120 Fison Avenue West, Eagle Farm QLD 4009, Australia",+61 7 3860 8100,contact form,contact form,https://www.seabridge.com.au,"air freight, sea freight, freight forwarding, customs brokerage","air freight, sea freight, logistics solutions, customs brokerage",Australia wide,"Seabridge Logistics Group Australia appears suitable for point-of-sale load matching due to its comprehensive air and sea freight services, logistics solutions, customs brokerage, and national coverage across Australia.",Australia,verified from official/trusted sources,High,https://www.seabridge.com.au;https://www.seabridge.com.au/contact-us/,Seabridge Logistics Group Australia https://www.seabridge.com.au
RCN-AU-0050,South Australian Trucking Company,U2/31 Sunbeam Rd Glynde South Australia 5070,(08) 8165 2933,sales@satrucks.com.au,public email,https://www.satrucks.com.au,"road freight, courier, furniture removals, crane trucks, warehousing, logistics","Taxi Trucks, Furniture Removals, Piano Removals, Tailgate Trucks, Crane Trucks, Courier services, 1-10 tonne trucks, flatbed trucks, tautliners, warehousing facilities","Adelaide metropolitan areas, South Australia",Good fit for local Adelaide load matching due to diverse truck types and warehousing capabilities.,Australia,verified from official/trusted sources,High,https://www.satrucks.com.au,South Australian Trucking Company https://www.satrucks.com.au
RCN-AU-0051,StarTrack,480 Swan St Richmond VIC 3121,13 23 45,customer.satisfaction@startrack.com.au,public email,https://startrack.com.au,"road freight, air freight, courier, logistics, express freight","same-day delivery, next-day delivery, express road freight, specialty freight, stock distribution, multi and single item consignments, scheduled and ad-hoc pickups, time critical deliveries, tailgate 2-person lift, controlled returns, 17,000+ vehicles, 1,000+ daily national flights",Australia wide,"StarTrack is highly suitable for point-of-sale load matching due to its Australia-wide coverage, diverse freight services including express and specialty options, and extensive fleet and flight network.",Australia,verified from official/trusted sources,High,https://startrack.com.au/;https://www.directory.gov.au/portfolios/infrastructure-transport-regional-development-communications-and-arts/australian-postal-corporation/star-track-express-pty-limited;https://www.ajust.com.au/complaints/startrack,StarTrack Australia freight https://startrack.com.au
RCN-AU-0052,Tasmanian Heavy Haulage Australia,"8b Lampton Avenue, Derwent Park, TAS 7009, Australia",03 6165 2550,info@tasmanianhh.com.au,public email,https://www.tasmanianhh.com.au,"road freight, heavy haulage","highly versatile trucks, specialised trailers, B-double, skel, extendable, low loader trailers, dollies, vessel and beam trailers, tiltrays, sideloaders, pilot vehicles, real-time tracking, up to 200 tonnes capacity","Tasmania, Australia wide","Excellent fit for REALM in-line quote matching due to extensive heavy haulage equipment, multiple Tasmanian depots, and national coverage.",Australia,verified from official/trusted sources,High,https://www.tasmanianhh.com.au;https://www.tasmanianhh.com.au/contact/,Tasmanian Heavy Haulage Australia https://www.tasmanianhh.com.au
RCN-AU-0053,Team Global Express,"11 Steele Way, Melbourne Airport, Victoria, 3045, Australia",131 TGE,contact form,contact form,https://teamglobalexp.com,"road freight, rail freight, air freight, sea freight, courier, freight forwarding, express delivery","parcels, boxes, pallets, FCL, FTL, dangerous goods handling, medical goods transport, temperature-controlled distribution, international shipping, domestic shipping, same-day delivery, overnight delivery","Australia wide, New Zealand","Highly suitable for point-of-sale load matching by location, capacity, and equipment type due to extensive network and diverse service offerings.",Australia,verified from official/trusted sources,High,https://teamglobalexp.com;https://teamglobalexp.com/help-support;https://teamglobalexp.com/sales-enquiries;https://teamglobalexp.com/about-us;https://www.zoominfo.com/c/team-global-express/1313954808;https://au.linkedin.com/company/teamglobalexpress;https://www.waze.com/live-map/directions/team-global-express-melbourne-airport-steele-way-11?to=place.w.94963087.949368727.5826886;https://teamglobalexp.com/privacy-collection-notice,Team Global Express Australia freight https://teamglobalexp.com
RCN-AU-0054,Think Global Logistics Australia,"Level 2, 88 George Street The Rocks NSW 2000",+61 1800 845 845,contact form,contact form,https://tgl.co,"air freight, sea freight, domestic freight, freight forwarding, 3PL warehousing, customs brokerage, oversized cargo transport, project logistics, supply chain consultancy","IATA accredited air freight, FCL, LCL sea freight, rail, road, air, sea, intermodal domestic freight, customs clearance, e-commerce picking and packing, short and long-term storage, inventory management, repacking, specialized oversized cargo transport, project management, supply chain optimization",Australia wide (headquartered in Sydney),"Think Global Logistics Australia appears suitable for point-of-sale load matching due to its comprehensive domestic and international freight services, including various equipment types and 3PL warehousing capabilities.",Australia,verified from official/trusted sources,High,https://tgl.co;https://tgl.co/contact/,Think Global Logistics Australia https://tgl.co
RCN-AU-0055,Uniair Cargo Australia,"Unit 6 / 25 Ossary St, Mascot NSW 2020, Australia",+612-8068-5200,enquiries@uniaircargo.com.au,public email,https://www.uniaircargo.com.au,"air freight, ocean freight, interstate transport, customs clearance, warehousing","air freight, ocean freight (LCL, FCL), interstate transport, customs clearance, warehousing, consolidation services, door-to-door, pick-up options",Australia wide,"Uniair Cargo Australia appears suitable for in-line quote matching by location, capacity, and equipment type due to its diverse services and multiple Australian depots.",Australia,verified from official/trusted sources,High,https://www.uniaircargo.com.au,Uniair Cargo Australia https://www.uniaircargo.com.au
RCN-AU-0056,Westlink Logistics Australia,"Level 3, 190 St Georges Terrace Perth, WA 6000 Australia",+61 8 6117 0444,info@westlinklogistics.com,public email,https://www.westlinklogistics.com,"freight forwarding, project logistics, multimodal transport","engineered logistics, project management, heavy haulage, project cargo handling, multimodal transport solutions",Australia wide,"Suitable for project-based and specialized freight matching by location, capacity, and equipment type.",Australia,verified from official/trusted sources,High,https://www.westlinklogistics.com,Westlink Logistics Australia https://www.westlinklogistics.com
RCN-AU-0057,Xtreme Freight / Australian Worldwide Logistics,"36/1 International Drive, Westmeadows, VIC 3049",03 9310 5816,bookings@xtremefreight.com.au,public email,https://www.xtremefreight.com.au,"road freight, air freight, sea freight, 3PL, warehousing, project logistics, courier","Road transport, collection, storage, pick and pack, delivery, warehousing, inventory management, order fulfillment, distribution, taxi trucks",Australia wide,"Xtreme Freight offers a range of freight services including road, air, and sea freight, 3PL, and warehousing across major Australian cities, making them suitable for in-line quote matching by location, capacity, and equipment type.",Australia,verified from official/trusted sources,High,https://www.xtremefreight.com.au;https://www.xtremefreight.com.au/contact-us;https://www.xtremefreight.com.au/locations,Xtreme Freight / Australian Worldwide Logistics https://www.xtremefreight.com.au
